date,usable,gate_open,regime_ratio,n_basket,bad_chain,no_expiry_earnings,vrp_fail,no_spread,n_targets,n_after_limits,tickers,risk_usd,risk_pct_budget,budget,quote_cost_avg,quotes,monthly_avail,dte_next_monthly
2026-08-21,True,True,0.8244,13,0,2,8,2,1,1,MCD,2598.0,0.026,100000.0,,,,
2026-08-24,True,True,0.8486,13,0,2,6,1,4,3,MCD|XLE|PFE,8533.0,0.0853,100000.0,,,,
2026-08-25,True,True,0.8502,13,0,1,9,2,1,1,MCD,2667.0,0.0267,100000.0,,,,
2026-08-26,True,True,0.8541,13,0,1,9,1,2,2,MCD|IWM,5094.0,0.0509,100000.0,,,,
2026-08-27,True,True,0.8307,13,0,0,10,2,1,1,IWM,2518.0,0.0252,100000.0,,,,
2026-08-28,True,True,0.8295,13,0,0,10,1,2,2,AAPL|MCD,5180.0,0.0518,100000.0,0.4319,AAPL:w27:c125|MCD:w96:c148,,
2026-08-31,True,True,0.8553,15,0,1,8,1,5,4,AAPL|IWM|SBUX|XLE,10998.0,0.11,100000.0,0.2425,AAPL:w16:c63|IWM:w7:c96|SBUX:w25:c38|XLE:w6:c30|SPY:w3:c154,1.0,46.0
2026-09-01,True,True,0.888,15,0,1,6,0,6,5,BAC|CAT|IWM|AAPL|SBUX,12758.0,0.1276,100000.0,0.4338,BAC:w7:c6|CAT:w200:c300|IWM:w9:c65|SPY:w6:c169|AAPL:w18:c120|SBUX:w22:c41,1.0,45.0
2026-09-02,True,True,0.8592,15,0,1,6,0,6,5,BAC|CAT|XLE|SPY|AAPL,12826.0,0.1283,100000.0,0.5562,BAC:w18:c7|CAT:w150:c420|XLE:w3:c16|SPY:w4:c154|AAPL:w14:c111|IWM:w6:c95,1.0,44.0
2026-09-03,True,True,0.8305,15,0,1,6,0,6,6,CAT|BAC|XLE|AAPL|IWM|SBUX,15448.0,0.1545,100000.0,0.32,CAT:w155:c307|BAC:w10:c17|XLE:w4:c27|AAPL:w22:c142|IWM:w8:c71|SBUX:w14:c34,1.0,43.0
2026-09-04,True,True,0.8128,15,0,1,7,0,6,5,CAT|BAC|IWM|QQQ|XLE,12702.0,0.127,100000.0,0.3361,CAT:w180:c465|BAC:w16:c14|IWM:w7:c70|QQQ:w11:c186|SPY:w3:c149|XLE:w4:c13,1.0,42.0
2026-09-07,True,True,0.8251,15,0,1,5,0,6,5,CAT|XLV|XLE|IWM|QQQ,12825.0,0.1282,100000.0,1.1938,CAT:w255:c457|XLV:w153:c30|XLE:w21:c16|IWM:w10:c70|QQQ:w29:c207|SPY:w5:c147,1.0,39.0
2026-09-08,True,True,0.8423,15,0,1,5,0,6,5,XLE|CAT|BAC|IWM|QQQ,13177.0,0.1318,100000.0,0.275,XLE:w2:c27|CAT:w140:c425|XOM:w15:c57|BAC:w12:c14|IWM:w7:c82|QQQ:w8:c189,1.0,38.0
2026-09-09,True,True,0.8688,17,0,1,6,0,6,6,XLE|USO|AAPL|IWM|QQQ|CAT,14827.0,0.1483,100000.0,0.232,XLE:w2:c14|USO:w25:c79|AAPL:w28:c142|IWM:w6:c80|QQQ:w7:c197|CAT:w190:c305,1.0,37.0
2026-09-10,True,True,0.9003,17,0,2,7,0,6,5,USO|XLE|IWM|CAT|QQQ,12169.0,0.1217,100000.0,0.2378,USO:w41:c118|XLE:w2:c26|IWM:w6:c107|CAT:w245:c277|QQQ:w8:c198|SPY:w4:c162,1.0,36.0
2026-09-11,True,True,0.8416,17,0,2,9,0,6,4,USO|XLE|IWM|QQQ,10052.0,0.1005,100000.0,0.1502,USO:w20:c95|XLE:w4:c14|XOM:w14:c51|IWM:w5:c80|QQQ:w7:c176|SPY:w4:c142,1.0,35.0
